,City,Lat,Lng,Max Temp,Humidity,Cloudiness,Wind Speed,Country,Date
0,Alice Springs,-23.7,133.88,23.89,15,37,3.6,AU,1601249813
1,Husavik,66.04,-17.34,6.0,100,75,2.6,IS,1601249813
2,Hambantota,6.12,81.12,26.38,80,57,6.28,LK,1601249814
3,Sontra,51.07,9.93,9.44,95,88,0.26,DE,1601249814
4,Neepawa,50.23,-99.47,13.0,54,75,10.8,CA,1601249814
5,Yondó,7.01,-73.91,25.31,83,51,0.49,CO,1601249815
6,Grand Gaube,-20.01,57.66,22.22,78,60,1.79,MU,1601249815
7,Nahrin,36.06,69.13,7.89,56,0,0.43,AF,1601249816
8,Verkhnyaya Inta,65.98,60.31,1.65,90,12,1.85,RU,1601249816
9,Florianópolis,-27.61,-48.5,22.78,94,100,3.6,BR,1601249701
10,Bandarbeyla,9.49,50.81,24.63,80,78,8.2,SO,1601249817
11,Sundargarh,22.12,84.03,23.23,80,0,0.93,IN,1601249818
12,Kirakira,-10.45,161.92,29.44,69,85,5.63,SB,1601249818
13,Xai-Xai,-25.05,33.64,21.32,93,100,3.35,MZ,1601249819
14,Buala,-8.14,159.59,28.31,76,95,4.43,SB,1601249819
15,Phuket,8.0,98.25,26.11,83,75,3.6,TH,1601249723
16,Arrondissement de Rennes,48.17,-1.67,11.11,87,75,4.1,FR,1601249385
17,Bahir Dar,11.59,37.39,14.73,86,6,1.6,ET,1601249820
18,Iaciara,-14.1,-46.63,26.11,24,0,1.48,BR,1601249821
19,Bad Wurzach,47.9,9.9,6.67,93,60,2.1,DE,1601249822
20,León,21.12,-101.67,28.0,30,40,0.55,MX,1601249822
21,Virginia Beach,36.85,-75.98,23.33,78,75,1.5,US,1601249731
22,Hargeisa,9.56,44.06,24.07,52,82,3.13,SO,1601249823
23,Yorosso,12.35,-4.78,23.67,80,30,0.62,ML,1601249823
24,Charyshskoye,51.4,83.56,0.59,92,8,0.99,RU,1601249824
25,Atuona,-9.8,-139.03,25.74,74,2,6.73,PF,1601249824
26,Zaysan,47.47,84.87,3.05,82,46,1.15,KZ,1601249825
27,Torbay,47.67,-52.73,17.78,93,90,9.3,CA,1601249825
28,Samandağ,36.08,35.98,26.0,69,0,4.1,TR,1601249826
29,Kattivākkam,13.22,80.32,26.0,88,40,3.27,IN,1601249826
30,Yershov,51.35,48.28,9.88,49,61,2.76,RU,1601249827
31,Arlit,18.74,7.39,33.7,17,24,1.53,NE,1601249827
32,Waterlooville,50.88,-1.03,11.67,77,36,4.68,GB,1601249828
33,Atbasar,51.8,68.33,5.97,74,75,1.7,KZ,1601249828
34,Boueni,-12.9,45.08,25.0,78,75,3.6,YT,1601249829
35,Ambilobe,-13.2,49.05,18.96,89,35,1.74,MG,1601249829
36,Mīzan Teferī,6.98,35.58,16.93,88,98,1.01,ET,1601249830
37,Brae,60.4,-1.35,9.0,87,100,2.6,GB,1601249638
38,Touros,-5.2,-35.46,25.0,83,40,3.6,BR,1601249830
39,Devils Lake,48.11,-98.87,12.0,81,90,6.2,US,1601249831
40,College,64.86,-147.8,14.0,47,75,4.6,US,1601249831
41,Djibouti,11.5,42.5,31.0,74,1,3.48,DJ,1601249832
42,Katsuura,35.13,140.3,22.78,64,18,1.34,JP,1601249833
43,Poum,-20.23,164.02,23.59,85,27,5.36,NC,1601249833
44,Kampene,-3.6,26.67,20.47,96,100,0.52,CD,1601249834
45,Talcahuano,-36.72,-73.12,13.0,76,0,5.1,CL,1601249834
46,Half Moon Bay,37.46,-122.43,34.0,36,1,8.2,US,1601249835
47,Yelan',50.95,43.74,8.83,50,0,4.59,RU,1601249813
48,Qasigiannguit,68.82,-51.19,-2.0,79,65,1.5,GL,1601249836
49,Troitskiy,57.06,63.75,7.23,93,31,2.0,RU,1601249836
50,Nioro,13.35,-15.75,24.44,95,100,2.43,GM,1601249837
51,Labuhan,-6.88,112.21,26.59,73,99,5.78,ID,1601249837
52,Sambava,-14.27,50.17,20.32,91,54,2.91,MG,1601249838
53,Vila Velha,-20.33,-40.29,26.11,78,0,4.6,BR,1601249838
54,Seydi,39.48,62.91,10.97,42,29,4.58,TM,1601249575
55,Yara,20.28,-76.95,25.06,86,21,1.31,CU,1601249839
56,Pedasí,7.53,-80.03,26.61,82,100,3.28,PA,1601249839
57,San Rafael,-34.62,-68.33,17.07,30,30,4.53,AR,1601249840
58,Tiarei,-17.53,-149.33,29.0,66,75,4.6,PF,1601249840
59,Bījār,35.87,47.61,8.41,89,0,1.84,IR,1601249841
60,Wana,32.3,69.57,18.58,39,0,1.06,PK,1601249843
61,Bethel,41.37,-73.41,22.22,83,90,2.1,US,1601249843
62,Bengkulu,-3.8,102.27,24.96,83,94,3.15,ID,1601249843
63,Avarua,-21.21,-159.78,25.0,65,37,5.1,CK,1601249844
64,Leningradskiy,69.38,178.42,0.43,89,24,3.9,RU,1601249844
65,Aswān,24.09,32.91,28.55,33,0,2.67,EG,1601249845
66,Almeria,37.17,-2.33,21.0,40,42,3.1,ES,1601249845
67,Russell,32.35,-85.2,26.0,73,1,3.6,US,1601249845
68,Cuenca,-2.88,-78.98,12.0,100,75,2.1,EC,1601249846
69,Kombissiri,12.07,-1.34,28.0,78,20,2.6,BF,1601249847
70,La Tuque,47.43,-72.78,18.91,83,100,3.74,CA,1601249848
71,Novy Urengoy,66.08,76.63,2.46,82,62,6.52,RU,1601249848
72,Manavālakurichi,8.13,77.3,27.0,94,40,1.5,IN,1601249848
73,Portlethen,57.05,-2.13,6.0,81,100,3.6,GB,1601249849
74,Khatanga,71.97,102.5,-1.8,97,96,4.38,RU,1601249849
75,Romitan,39.93,64.38,10.0,46,42,5.1,UZ,1601249850
76,Usinsk,65.99,57.53,2.0,87,27,2.87,RU,1601249669
77,Iqaluit,63.75,-68.51,-1.11,79,20,4.1,CA,1601249851
78,Wau,7.7,28.0,21.13,94,52,0.84,SS,1601249851
79,Bulgan,48.81,103.53,1.46,85,0,0.6,MN,1601249852
80,Meulaboh,4.14,96.13,24.55,86,100,2.17,ID,1601249852
81,Hilo,19.73,-155.09,30.0,51,1,4.1,US,1601249814
82,Iquitos,-3.75,-73.25,30.0,74,40,0.76,PE,1601249853
83,Cidreira,-30.18,-50.21,18.86,93,94,7.2,BR,1601249854
84,Wilmington,34.23,-77.94,24.0,78,75,2.28,US,1601249558
85,Cockburn Town,21.46,-71.14,29.0,62,40,5.1,TC,1601249770
86,Abu Dhabi,24.47,54.37,29.0,79,0,1.5,AE,1601249375
87,Manicaragua,22.15,-79.97,28.0,83,20,2.6,CU,1601249856
88,Kamenka,51.32,42.77,9.88,46,0,5.75,RU,1601249856
89,Petropavlovsk-Kamchatskiy,53.05,158.65,4.0,80,75,2.0,RU,1601249857
90,Kearney,40.7,-99.08,19.0,25,20,7.7,US,1601249857
91,Corinth,37.94,22.96,19.44,57,2,0.89,GR,1601249858
92,San Cristobal,7.77,-72.22,31.0,55,40,3.1,VE,1601249859
93,Hualmay,-11.1,-77.61,16.49,84,8,3.81,PE,1601249852
94,Clarence Town,-32.58,151.78,18.33,45,40,3.1,AU,1601249859
95,Bambous Virieux,-20.34,57.76,22.22,94,75,3.6,MU,1601249860
96,Nikolskoye,59.7,30.79,12.78,81,1,4.0,RU,1601249860
97,Wum,6.38,10.07,16.73,99,73,0.5,CM,1601249861
98,Carutapera,-1.2,-46.02,25.44,82,6,3.57,BR,1601249861
99,Laas,46.62,10.7,5.56,80,79,2.85,IT,1601249862
100,Dudinka,69.41,86.18,0.0,90,75,8.0,RU,1601249862
101,Kirkland Lake,48.14,-80.04,18.0,82,75,2.6,CA,1601249862
102,Ceuta,35.89,-5.31,21.0,68,8,4.1,ES,1601249863
103,Skibbereen,51.55,-9.27,14.0,93,75,4.1,IE,1601249863
104,Jinchang,38.5,102.17,14.43,54,100,2.16,CN,1601249864
105,Sarakhs,36.54,61.16,13.0,35,1,1.0,IR,1601249864
106,Vestmanna,62.16,-7.17,8.0,100,100,5.1,FO,1601249864
107,Upernavik,72.79,-56.15,-1.68,94,100,3.49,GL,1601249865
108,Aitape,-3.14,142.35,30.28,62,72,0.52,PG,1601249866
109,Tambovka,50.1,128.05,8.0,70,20,2.0,RU,1601249867
110,Washington,47.5,-120.5,19.44,37,1,2.6,US,1601249821
111,Ibipeba,-11.64,-42.01,20.92,47,0,3.18,BR,1601249867
112,Bechem,7.09,-2.02,21.04,95,82,0.8,GH,1601249708
113,Ust-Nera,64.57,143.2,8.3,55,99,2.27,RU,1601249620
114,Janfida,40.04,44.02,21.0,40,4,3.1,AM,1601249869
115,Souillac,-20.52,57.52,21.0,94,75,3.6,MU,1601249869
116,Sawākin,19.11,37.33,29.45,65,0,3.33,SD,1601249870
117,Saint-Paul,-21.01,55.27,21.0,77,63,4.6,RE,1601249870
118,Chennai,13.09,80.28,26.0,88,40,3.58,IN,1601249702
119,Zhezkazgan,47.8,67.71,5.3,67,0,4.52,KZ,1601249871
120,Yumen,40.28,97.2,9.54,43,61,4.44,CN,1601249871
121,São José da Coroa Grande,-8.9,-35.15,24.73,89,93,4.45,BR,1601249872
122,Nabire,-3.37,135.48,25.72,81,89,0.88,ID,1601249873
123,Letterkenny,54.95,-7.73,11.29,93,97,2.53,IE,1601249873
124,Solnechnyy,50.72,136.63,12.03,72,96,1.53,RU,1601249874
125,Punta Arenas,-53.15,-70.92,9.0,66,40,12.3,CL,1601249862
126,Mae Hong Son,19.3,97.97,23.33,88,100,0.45,TH,1601249875
127,Pinega,64.7,43.39,7.97,94,100,1.61,RU,1601249876
128,Mikkeli,61.69,27.27,7.0,100,5,2.25,FI,1601249876
129,Mumbwa,-14.98,27.06,22.43,24,31,2.65,ZM,1601249876
130,Solone,48.21,34.87,15.0,87,20,2.51,UA,1601249877
131,Lovozero,68.0,35.01,3.77,90,32,2.57,RU,1601249878
132,Kashgar,39.45,75.98,16.0,36,40,2.0,CN,1601249878
133,Baykal'sk,51.51,104.15,5.78,72,68,0.69,RU,1601249879
134,Mar del Plata,-38.0,-57.56,12.22,93,90,4.1,AR,1601249845
135,Ibrā’,22.69,58.53,23.66,59,0,1.1,OM,1601249880
136,Birjand,32.87,59.22,17.0,18,2,6.2,IR,1601249881
137,Iskateley,67.68,53.15,2.26,85,57,2.08,RU,1601249881
138,Paris,48.85,2.35,13.33,100,90,5.1,FR,1601249571
139,Dordrecht,51.81,4.67,13.89,88,95,1.39,NL,1601249790
140,Jamestown,42.1,-79.24,23.33,68,1,4.1,US,1601249882
141,Dwārka,22.24,68.97,27.05,71,4,4.13,IN,1601249883
142,Shahrud,36.42,54.98,14.61,73,26,4.33,IR,1601249883
143,Turukhansk,65.82,87.98,4.57,75,98,11.28,RU,1601249884
144,Maragogi,-9.01,-35.22,24.53,90,100,4.32,BR,1601249884
145,Polunochnoye,60.87,60.42,10.44,86,99,1.55,RU,1601249885
146,Mirny,62.54,113.96,3.0,100,90,4.0,RU,1601249885
147,Bosaso,11.28,49.18,29.28,70,37,2.43,SO,1601249886
148,Baykit,61.67,96.37,7.23,79,100,4.24,RU,1601249886
149,Kangaba,11.93,-8.42,23.44,87,10,1.42,ML,1601249886
150,Abhā,18.22,42.51,19.0,22,0,2.79,SA,1601249887
151,Daru,-9.08,143.21,27.64,78,73,8.48,PG,1601249887
152,Meridian,43.61,-116.39,20.56,28,1,4.6,US,1601249888
153,Novaya Igirma,57.13,103.91,6.14,81,100,4.11,RU,1601249888
154,East Wenatchee Bench,47.43,-120.28,19.44,37,1,2.6,US,1601249888
155,Havelock,34.88,-76.9,23.0,83,90,2.1,US,1601249889
156,Rosetown,51.55,-108.0,13.33,47,66,2.68,CA,1601249889
157,Takoradze,4.88,-1.76,23.86,93,14,3.5,GH,1601249890
158,Koster,-25.86,26.9,9.96,39,0,5.9,ZA,1601249890
159,Murindó,6.98,-76.75,23.98,94,91,1.21,CO,1601249891
160,Bodmin,50.47,-4.72,13.0,82,65,5.1,GB,1601249891
161,New Norfolk,-42.78,147.06,13.33,63,73,1.79,AU,1601249892
162,Igarka,67.47,86.58,2.05,88,100,11.89,RU,1601249892
163,Ayan,56.45,138.17,11.1,92,100,3.69,RU,1601249893
164,Lagos,6.58,3.75,23.77,91,96,1.32,NG,1601249253
165,Aksarka,66.56,67.8,2.68,81,0,5.15,RU,1601249893
166,Bereda,43.27,-7.54,6.67,100,0,0.45,ES,1601249894
167,Miyako,39.64,141.95,18.76,67,17,4.49,JP,1601249669
168,Uniontown,39.9,-79.72,21.67,48,97,1.16,US,1601249894
169,Cap Malheureux,-19.98,57.61,22.22,78,53,1.79,MU,1601249895
170,Jumla,29.27,82.18,10.31,53,0,2.04,NP,1601249895
171,Onguday,50.75,86.15,2.9,79,100,0.98,RU,1601249896
172,Tambopata,-12.73,-69.18,25.85,68,90,0.38,PE,1601249896
173,Jérémie,18.65,-74.12,27.88,72,17,1.34,HT,1601249897
174,Lashio,22.93,97.75,20.31,100,100,0.11,MM,1601249897
175,Baharly,38.44,57.43,14.7,32,93,1.37,TM,1601249736
176,Prabumulih,-3.45,104.25,24.4,83,100,1.92,ID,1601249898
177,Lima,-12.04,-77.03,17.0,77,40,3.6,PE,1601249898
178,Nome,64.5,-165.41,9.0,49,1,3.1,US,1601249899
179,Talnakh,69.49,88.4,0.0,93,75,8.0,RU,1601249899
180,Balkanabat,39.51,54.37,17.71,26,74,4.73,TM,1601249899
181,Ormara,25.21,64.64,27.6,79,0,4.36,PK,1601249900
182,Lanzhou,36.06,103.79,15.0,66,97,1.91,CN,1601249824
183,Atar,20.52,-13.05,32.25,23,0,4.07,MR,1601249901
184,Point Pleasant,40.08,-74.07,21.67,92,90,2.6,US,1601249901
185,Mahébourg,-20.41,57.7,21.0,94,75,3.6,MU,1601249901
186,Chicama,-7.84,-79.15,17.14,78,25,2.5,PE,1601249902
187,Baracoa,20.35,-74.5,26.44,79,8,2.55,CU,1601249903
188,Mananjary,-21.22,48.33,21.41,84,85,2.33,MG,1601249903
189,Castro,-24.79,-50.01,18.29,85,99,1.51,BR,1601249903
190,Azare,11.68,10.19,26.95,57,99,3.71,NG,1601249904
191,Morondava,-20.28,44.28,22.98,82,26,2.17,MG,1601249904
192,Noumea,-22.28,166.46,25.0,69,75,6.7,NC,1601249905
193,Kaitangata,-46.28,169.85,3.33,84,87,2.68,NZ,1601249905
194,Haldia,22.06,88.11,26.43,87,28,1.84,IN,1601249906
195,Puerto Escondido,15.85,-97.07,29.0,70,90,2.11,MX,1601249906
196,High Point,35.96,-80.01,21.11,83,75,2.6,US,1601249906
197,Victor Harbor,-35.57,138.62,12.78,81,70,5.32,AU,1601249907
198,Kruisfontein,-34.0,24.73,8.33,81,5,2.58,ZA,1601249907
199,Tlalnepantla,19.53,-99.22,21.0,64,90,5.1,MX,1601249908
200,Blagoyevo,63.37,47.92,9.16,94,64,0.99,RU,1601249908
201,Zile,40.3,35.89,21.0,43,20,4.1,TR,1601249908
202,Vardø,70.37,31.11,3.0,75,75,1.0,NO,1601249909
203,Hong Kong,22.29,114.16,27.22,85,100,1.34,HK,1601249737
204,Beira,-19.84,34.84,22.95,91,4,1.89,MZ,1601249910
205,Talavera de la Reina,39.96,-4.83,15.39,41,0,2.01,ES,1601249910
206,Rørvik,64.86,11.24,11.05,79,0,8.64,NO,1601249911
207,Guerrero Negro,27.98,-114.06,25.44,53,0,5.9,MX,1601249911
208,Tegul'det,57.31,88.17,1.98,95,11,2.24,RU,1601249911
209,Isla Mujeres,21.23,-86.73,30.0,74,40,3.1,MX,1601249912
210,Svetlaya,46.54,138.33,13.65,69,0,3.15,RU,1601249912
211,Barrow,71.29,-156.79,0.0,95,90,5.7,US,1601249913
212,Riyadh,24.69,46.72,27.0,22,0,1.5,SA,1601249894
213,Kovernino,57.13,43.81,8.46,77,90,2.39,RU,1601249913
214,Orshanka,56.92,47.89,8.57,76,100,2.19,RU,1601249914
215,Fairbanks,64.84,-147.72,14.0,44,1,7.7,US,1601249915
216,Broken Hill,-31.95,141.43,14.0,47,7,6.7,AU,1601249915
217,Evensk,61.95,159.23,8.4,79,36,3.5,RU,1601249915
218,Provideniya,64.38,-173.3,4.0,64,75,5.0,RU,1601249916
219,Karpathos,35.51,27.21,23.0,73,0,1.08,GR,1601249916
220,Marawi,8.0,124.29,25.0,89,57,2.68,PH,1601249917
221,Natal,-5.79,-35.21,25.0,83,20,4.1,BR,1601249918
222,Nālūt,30.33,10.85,23.76,24,80,5.1,LY,1601249918
223,Cape Town,-33.93,18.42,8.89,81,0,1.0,ZA,1601249891
224,Cartagena,10.4,-75.51,29.0,70,90,1.5,CO,1601249918
225,St. George's,12.06,-61.75,27.0,88,75,4.1,GD,1601249919
226,Garoowe,8.41,48.48,22.8,74,40,4.39,SO,1601249920
227,Iquique,-20.22,-70.14,16.0,77,75,6.2,CL,1601249920
228,Dawlatabad,36.41,64.91,11.24,38,30,0.87,AF,1601249921
229,Butaritari,3.07,172.79,28.04,78,94,7.37,KI,1601249921
230,Neyshabur,36.21,58.8,12.77,37,1,0.26,IR,1601249904
231,Port Blair,11.67,92.75,27.46,82,85,3.67,IN,1601249922
232,Gistrup,56.99,9.99,13.89,94,78,0.89,DK,1601249922
233,Esim,4.87,-2.24,24.23,91,12,3.28,GH,1601249923
234,Vaini,-21.2,-175.2,26.0,78,40,4.1,TO,1601249923
235,Tuktoyaktuk,69.45,-133.04,3.0,93,90,2.1,CA,1601249923
236,Thompson,55.74,-97.86,7.0,87,90,4.6,CA,1601249924
237,Diego de Almagro,-26.37,-70.05,9.93,55,0,0.69,CL,1601249924
238,Qaqortoq,60.72,-46.03,4.0,55,0,3.6,GL,1601249925
239,Guarapari,-20.67,-40.5,26.11,83,0,7.15,BR,1601249925
240,East London,-33.02,27.91,13.17,62,68,1.86,ZA,1601249925
241,Salisbury,51.07,-1.8,7.78,75,24,3.1,GB,1601249926
242,Fortuna,40.6,-124.16,23.89,60,1,7.2,US,1601249926
243,Coyhaique,-45.58,-72.07,10.0,61,75,2.6,CL,1601249927
244,Meadow Lake,34.8,-106.54,31.11,10,1,7.2,US,1601249927
245,Tura,25.52,90.22,22.45,97,98,1.71,IN,1601249804
246,Nanortalik,60.14,-45.24,2.5,83,16,6.14,GL,1601249928
247,São Filipe,14.9,-24.5,26.75,83,43,2.74,CV,1601249928
248,Kemijärvi,66.71,27.43,7.75,96,100,2.81,FI,1601249929
249,Clyde River,70.47,-68.59,-3.0,92,90,2.1,CA,1601249930
250,Hithadhoo,-0.6,73.08,28.14,67,99,2.21,MV,1601249930
251,Jiangyou,31.77,104.72,17.32,86,100,1.24,CN,1601249878
252,Paragominas,-2.97,-47.48,25.5,73,78,1.92,BR,1601249931
253,Craig,40.52,-107.55,16.0,14,1,8.2,US,1601249931
254,Deputatsky,69.3,139.9,3.08,96,99,1.8,RU,1601249932
255,Kokologo,12.19,-1.89,28.0,78,20,2.6,BF,1601249932
256,Ocho Rios,18.4,-77.1,28.33,84,13,0.45,JM,1601249932
257,Ovalle,-30.6,-71.2,13.73,52,0,0.87,CL,1601249933
258,Port Alfred,-33.59,26.89,12.19,67,44,3.86,ZA,1601249933
259,Puri,19.8,85.85,27.0,94,40,1.0,IN,1601249934
260,Mataura,-46.19,168.86,3.33,95,100,1.79,NZ,1601249934
261,Deūlgaon Rāja,20.02,76.03,21.07,90,89,2.97,IN,1601249935
262,Belyy Yar,53.6,91.39,-1.0,100,62,2.0,RU,1601249935
263,Beringovskiy,63.05,179.32,3.45,71,0,3.49,RU,1601249936
264,Novobiryusinskiy,56.96,97.71,3.97,88,100,2.15,RU,1601249936
265,Inhambane,-23.86,35.38,22.57,89,45,3.68,MZ,1601249937
266,Olafsvik,64.89,-23.71,7.41,80,33,3.01,IS,1601249937
267,San Patricio,19.22,-104.7,32.0,75,75,2.81,MX,1601249937
268,Coquimbo,-29.95,-71.34,13.0,82,0,4.1,CL,1601249938
269,Talwāra,31.95,75.87,22.46,50,0,1.87,IN,1601249939
270,Margate,51.38,1.39,12.22,93,100,2.24,GB,1601249939
271,Klaksvík,62.23,-6.59,8.0,100,100,5.1,FO,1601249939
272,Uspenka,48.39,39.16,16.23,56,99,7.8,UA,1601249940
273,Yellowknife,62.46,-114.35,8.0,81,75,6.7,CA,1601249940
274,Port Hueneme,34.15,-119.2,25.56,73,20,3.6,US,1601249941
275,Avenal,36.0,-120.13,33.0,27,40,3.1,US,1601249941
276,Mangochi,-14.48,35.26,23.37,52,52,0.55,MW,1601249942
277,Burnie,-41.07,145.92,13.89,55,3,6.26,AU,1601249942
278,Copiapó,-27.37,-70.33,13.0,76,0,6.2,CL,1601249942
279,Imbituba,-28.24,-48.67,22.0,94,100,3.6,BR,1601249669
280,Lebu,-37.62,-73.65,9.5,85,19,5.43,CL,1601249943
281,Il’inskiy,55.62,38.12,12.78,70,37,4.0,RU,1601249944
282,Nantucket,41.28,-70.1,18.33,93,1,4.1,US,1601249944
283,Oga,46.46,10.35,5.56,100,90,0.5,IT,1601249945
284,Paamiut,61.99,-49.67,3.03,79,15,8.57,GL,1601249945
285,Kipushi,-11.77,27.23,17.34,30,72,1.98,CD,1601249946
286,Puerto Ayora,-0.74,-90.35,20.56,88,82,3.58,EC,1601249947
287,Najrān,17.49,44.13,23.0,26,21,1.33,SA,1601249947
288,Korla,41.76,86.15,13.8,36,4,4.82,CN,1601249948
289,Novoagansk,61.94,76.66,10.27,94,98,4.66,RU,1601249948
290,Kulhudhuffushi,6.62,73.07,27.44,76,2,2.98,MV,1601249948
291,Oktyabr'skiy,54.48,53.47,9.92,75,97,0.88,RU,1601249949
292,Pisco,-13.7,-76.22,18.33,72,1,8.2,PE,1601249949
293,Sukhoy Log,56.91,62.03,6.61,93,15,2.69,RU,1601249950
294,Tabou,4.42,-7.35,24.61,89,39,2.87,CI,1601249950
295,Acarí,-15.43,-74.62,16.89,66,8,1.81,PE,1601249951
296,Laguna,38.42,-121.42,36.0,15,20,2.6,US,1601249882
297,Taoudenni,22.68,-3.98,35.21,10,0,4.5,ML,1601249952
298,Bonga,7.28,36.23,14.27,90,56,0.67,ET,1601249952
299,São João da Barra,-21.64,-41.05,24.09,83,63,7.98,BR,1601249952
300,Willemstad,12.11,-68.93,30.0,70,20,3.6,CW,1601249768
301,Terrace Bay,48.78,-87.1,12.1,80,49,5.61,CA,1601249953
302,Yelovo,57.05,54.92,8.47,88,79,2.29,RU,1601249954
303,Verāval,20.9,70.37,25.62,77,29,2.22,IN,1601249954
304,Crawfordsville,40.04,-86.87,26.0,57,90,1.5,US,1601249955
305,Port Elizabeth,-33.92,25.57,11.0,76,20,3.1,ZA,1601249899
306,Saint Paul Harbor,57.79,-152.41,9.0,87,90,4.1,US,1601249956
307,Bisert',56.86,59.05,6.08,93,67,1.71,RU,1601249956
308,Horta,38.53,-28.63,20.0,88,40,1.5,PT,1601249957
309,Brownwood,31.71,-98.99,36.0,32,1,2.6,US,1601249957
310,Torzhok,57.04,34.96,10.14,70,89,3.23,RU,1601249957
311,Kushmurun,52.45,64.63,8.49,69,11,1.71,KZ,1601249958
312,Mto wa Mbu,-3.35,35.85,19.72,70,19,1.48,TZ,1601249958
313,Ballina,-28.87,153.57,19.0,59,93,3.6,AU,1601249959
314,Mayo,38.89,-76.51,22.0,94,20,0.63,US,1601249959
315,Caravelas,-17.71,-39.25,22.22,86,0,2.75,BR,1601249960
316,Franklin,39.97,-83.02,22.22,68,40,6.7,US,1601249960
317,Mackenzie,55.3,-123.17,6.0,100,90,5.1,CA,1601249960
318,Nhulunbuy,-12.23,136.77,29.0,66,40,7.2,AU,1601249961
319,Pakxan,18.38,103.66,24.54,91,99,1.34,LA,1601249961
320,Tiébissou,7.16,-5.23,23.89,94,75,1.68,CI,1601249962
321,Deming,32.27,-107.76,34.0,10,1,9.8,US,1601249962
322,Isangel,-19.55,169.27,27.0,74,20,4.1,VU,1601249963
323,Gbarnga,7.0,-9.47,21.18,98,94,0.72,LR,1601249963
324,Umba,66.69,34.34,7.03,93,100,3.59,RU,1601249963
325,Qaanaaq,77.48,-69.36,-10.41,77,11,3.07,GL,1601249964
326,Kurchum,48.57,83.65,4.33,79,35,1.44,KZ,1601249965
327,Geraldton,-28.77,114.6,11.0,87,40,4.6,AU,1601249895
328,Khandyga,62.67,135.6,10.61,85,100,3.13,RU,1601249965
329,Krasnosel'kup,65.7,82.47,3.96,72,100,10.69,RU,1601249966
330,Panabá,21.28,-88.27,29.04,69,60,4.55,MX,1601249966
331,Sebina,-20.87,27.25,17.64,66,0,4.76,BW,1601249967
332,Grindavik,63.84,-22.43,6.0,93,75,4.6,IS,1601249967
333,Nuevitas,21.55,-77.26,28.0,74,0,5.7,CU,1601249967
334,Antalaha,-14.9,50.28,19.88,89,72,2.0,MG,1601249968
335,Ngorongoro,-3.24,35.49,10.42,100,24,1.81,TZ,1601249969
336,Pudozh,61.81,36.53,9.98,86,3,1.95,RU,1601249969
337,Anadyr,64.75,177.48,3.0,74,75,4.35,RU,1601249969
338,Boddam,57.47,-1.78,6.67,81,100,3.6,GB,1601249970
339,Alofi,-19.06,-169.92,26.0,78,75,9.8,NU,1601249970
340,Aleksandrovsk-Sakhalinskiy,50.9,142.16,13.33,64,64,1.07,RU,1601249971
341,Saldanha,-33.01,17.94,6.0,81,0,0.5,ZA,1601249971
342,Erbil,36.19,44.01,24.55,25,0,2.07,IQ,1601249884
343,Ponta Delgada,37.73,-25.67,21.0,88,40,3.1,PT,1601249972
344,Ostrovnoy,68.05,39.51,4.39,84,10,4.23,RU,1601249972
345,Vieira de Leiria,39.87,-8.93,17.78,93,0,0.5,PT,1601249973
346,Chui,-33.7,-53.46,14.61,90,64,4.78,UY,1601249973
347,Ambanja,-13.68,48.45,21.8,89,37,1.06,MG,1601249974
348,Aklavik,68.22,-135.01,2.0,86,90,1.5,CA,1601249974
349,Richards Bay,-28.78,32.04,16.05,91,100,7.03,ZA,1601249975
350,Fomboni,-12.28,43.74,25.24,80,48,7.44,KM,1601249975
351,Urdoma,61.75,48.54,8.13,93,65,1.35,RU,1601249976
352,Gubkinskiy,64.43,76.5,3.38,77,85,6.27,RU,1601249976
353,Tsimmerbude,54.67,20.13,13.0,87,75,5.0,RU,1601249977
354,Sooke,48.37,-123.73,16.11,77,75,2.1,CA,1601249977
355,Sabzawār,36.21,57.68,15.59,33,21,3.03,IR,1601249977
356,Sitka,57.05,-135.33,14.0,71,90,11.8,US,1601249978
357,Palmer,42.16,-72.33,24.0,73,90,2.6,US,1601249978
358,Waipawa,-41.41,175.52,13.0,54,1,8.7,NZ,1601249979
359,Fort William,56.82,-5.11,6.67,92,99,1.36,GB,1601249979
360,Coruripe,-10.13,-36.18,24.28,89,45,3.48,BR,1601249979
361,Vitré,48.12,-1.21,12.0,71,29,3.6,FR,1601249980
362,Hamilton,39.18,-84.53,23.89,64,1,3.6,US,1601249980
363,Kiryat Gat,31.61,34.76,25.56,70,0,3.28,IL,1601249981
364,Arraial do Cabo,-22.97,-42.03,25.0,78,0,6.2,BR,1601249981
365,Powell River,49.85,-124.54,15.0,77,90,3.1,CA,1601249981
366,Zelenoborsk,61.47,64.03,10.4,96,93,1.8,RU,1601249982
367,Daşoguz,41.84,59.97,9.0,46,100,5.1,TM,1601249982
368,Kjøllefjord,70.95,27.35,5.53,76,90,6.94,NO,1601249983
369,San Andrés,12.58,-81.7,29.0,83,75,2.1,CO,1601249983
370,Ribeira Grande,38.52,-28.7,20.0,88,40,1.5,PT,1601249984
371,Leshukonskoye,64.9,45.76,7.73,91,100,1.52,RU,1601249984
372,Shimoda,34.67,138.95,23.0,78,20,5.7,JP,1601249985
373,George Town,5.41,100.34,26.0,83,20,1.5,MY,1601249985
374,Tasiilaq,65.61,-37.64,1.0,95,99,5.1,GL,1601249986
375,Kem',64.96,34.58,8.94,94,89,1.17,RU,1601249986
376,Ponnampet,12.15,75.93,25.0,94,40,0.5,IN,1601249986
377,São Sebastião do Paraíso,-20.92,-46.99,24.13,32,19,0.76,BR,1601249987
378,Pelym,61.01,62.0,9.66,93,84,1.93,RU,1601249987
379,Achit,56.8,57.9,7.01,92,91,1.84,RU,1601249988
380,Salalah,17.02,54.09,26.0,83,75,0.5,OM,1601249738
381,Tulum,20.22,-87.47,31.0,70,40,4.6,MX,1601249988
382,Sol'-Iletsk,51.16,54.99,10.04,66,0,2.1,RU,1601249989
383,Ciudad Valles,21.98,-99.02,28.35,80,0,2.09,MX,1601249990
384,Tomatlán,19.93,-105.25,28.08,79,66,2.68,MX,1601249990
385,Rocha,-34.48,-54.33,13.64,88,60,5.5,UY,1601249990
386,Lázaro Cárdenas,17.96,-102.2,27.97,78,41,2.37,MX,1601249991
387,Nimāparha,20.07,86.02,27.0,94,40,1.0,IN,1601249991
388,Izhma,65.01,53.91,5.39,82,99,2.41,RU,1601249815
389,Muhos,64.81,25.99,11.0,100,20,2.1,FI,1601249992
390,Baghdad,33.34,44.4,27.0,42,0,4.1,IQ,1601249712
391,Ilulissat,69.22,-51.1,-2.0,79,5,1.5,GL,1601249993
392,Charleston,32.78,-79.93,24.0,88,75,2.71,US,1601249993
393,Comodoro Rivadavia,-45.87,-67.5,16.0,38,15,6.2,AR,1601249994
394,Chase,50.82,-119.69,16.11,76,59,1.86,CA,1601249994
395,Dhārūr,18.82,76.12,20.47,93,100,2.51,IN,1601249995
396,Saint-Joseph,-21.37,55.62,21.0,73,74,1.5,RE,1601249995
397,Taltal,-25.4,-70.48,13.2,70,20,1.46,CL,1601249995
398,Hauterive,46.09,3.45,11.0,71,90,5.1,FR,1601249996
399,Vanavara,60.34,102.28,5.75,85,99,4.93,RU,1601249962
400,Kapaa,22.08,-159.32,29.0,62,40,4.6,US,1601249997
401,Severo-Kuril'sk,50.68,156.12,8.12,88,100,17.94,RU,1601249997
402,Trairi,-3.28,-39.27,25.23,82,0,3.98,BR,1601249988
403,Port Macquarie,-31.43,152.92,18.33,46,29,1.34,AU,1601249704
404,Rairangpur,22.27,86.18,23.02,90,0,0.98,IN,1601249998
405,Port Augusta,-32.5,137.77,17.0,42,75,5.7,AU,1601249999
406,Ivnya,51.06,36.13,17.0,42,100,8.0,RU,1601249999
407,Tessalit,20.2,1.01,29.18,14,0,1.05,ML,1601250000
408,Teruel,40.67,-0.67,14.0,75,0,2.6,ES,1601250001
409,Hofn,64.25,-15.21,9.16,92,100,6.38,IS,1601250002
410,Fort Nelson,58.81,-122.7,9.0,93,90,2.1,CA,1601250003
411,Senneterre,48.38,-77.23,19.0,82,90,6.2,CA,1601250004
412,Bathsheba,13.22,-59.52,27.0,83,20,4.6,BB,1601250004
413,Beloha,-25.17,45.05,19.24,92,1,2.6,MG,1601250005
414,Bloomfield,40.81,-74.19,24.44,78,90,3.1,US,1601250005
415,Felipe Carrillo Puerto,19.58,-88.05,26.19,96,74,1.39,MX,1601250006
416,Synya,65.37,58.04,2.27,89,19,2.1,RU,1601250007
417,Monkey Bay,-14.07,34.92,25.22,65,48,0.52,MW,1601250007
418,Haines Junction,60.75,-137.51,5.79,78,99,3.26,CA,1601250008
419,Hasaki,35.73,140.83,20.0,100,75,3.1,JP,1601250008
420,Cabo San Lucas,22.89,-109.91,32.78,74,20,5.1,MX,1601250008
421,Forsytheganj,52.63,29.73,11.23,86,100,4.82,BY,1601250009
422,Norman Wells,65.28,-126.83,11.0,71,75,5.1,CA,1601249839
423,Vasil'yevskiy Mokh,57.01,35.92,9.22,73,80,3.03,RU,1601250010
424,Vallenar,-28.57,-70.76,15.42,46,0,0.17,CL,1601250011
425,Voyvozh,62.89,54.96,8.54,98,99,0.38,RU,1601250011
426,Airai,-8.93,125.41,21.86,51,41,2.23,TL,1601250012
427,Porciúncula,-20.96,-42.04,25.2,52,7,2.41,BR,1601250012
428,Kahului,20.89,-156.47,32.0,52,40,9.8,US,1601250013
429,Marsá Maţrūḩ,31.35,27.25,25.65,69,0,3.4,EG,1601250013
430,Udayagiri,20.13,84.38,20.82,78,28,1.65,IN,1601250013
431,São Paulo de Olivença,-3.38,-68.87,26.84,69,51,1.49,BR,1601250014
432,Krivosheino,57.34,83.93,2.42,92,0,2.56,RU,1601250014
433,Huarmey,-10.07,-78.15,16.94,83,6,3.17,PE,1601250015
434,Cherskiy,68.75,161.3,5.64,64,100,8.06,RU,1601250015
435,Pokhara,28.23,83.98,19.29,59,14,0.86,NP,1601250015
436,Shaunavon,49.65,-108.42,11.85,43,54,9.3,CA,1601250016
437,Samaná,19.21,-69.34,29.0,74,20,3.1,DO,1601250017
438,Te Anau,-45.42,167.72,3.63,80,79,4.43,NZ,1601250017
439,Matagami,49.75,-77.63,17.0,88,75,3.6,CA,1601250017
440,Altay,47.87,88.12,2.24,75,0,0.63,CN,1601250018
441,Poya,-21.35,165.15,26.61,65,67,4.96,NC,1601250018
442,Mazatlán,23.22,-106.42,31.67,74,40,5.1,MX,1601250019
443,Benguela,-12.58,13.41,21.11,80,18,2.19,AO,1601250019
444,Jāwā,31.85,35.94,23.0,56,0,2.02,JO,1601250020
445,Avrămeni,48.02,26.95,9.0,76,0,2.1,RO,1601250020
446,Nicoya,10.15,-85.45,24.0,100,75,2.1,CR,1601250020
447,Balvi,57.13,27.27,11.88,79,3,3.25,LV,1601250021
448,Jiuquan,39.74,98.52,12.43,36,93,1.71,CN,1601250022
449,Saint-Philippe,-21.36,55.77,21.0,73,86,1.5,RE,1601250022
450,Oyama,36.3,139.8,23.33,94,20,2.1,JP,1601250022
451,Cayenne,4.93,-52.33,28.0,78,4,3.1,GF,1601249769
452,Lao Cai,22.48,103.95,24.57,85,100,0.45,VN,1601250023
453,Plouzané,48.38,-4.62,10.0,100,34,2.1,FR,1601250024
454,Safi,32.3,-9.24,19.66,86,1,7.21,MA,1601250025
455,Lompoc,34.64,-120.46,24.44,64,1,5.7,US,1601250025
456,Rikitea,-23.12,-134.97,23.68,79,0,5.41,PF,1601250025
457,Susa,32.19,48.24,27.58,20,0,4.03,IR,1601249858
458,Çan,40.03,27.05,17.22,82,0,2.1,TR,1601250027
459,Araouane,18.9,-3.53,34.72,14,0,1.63,ML,1601250027
460,Verkhnyaya Syrovatka,50.83,34.96,17.84,53,99,5.0,UA,1601250027
461,Constitución,-35.33,-72.42,10.86,83,0,4.69,CL,1601250028
462,Bacalar,18.67,-88.38,31.0,70,40,5.1,MX,1601250028
463,Novomykolayivka,47.98,35.91,16.0,93,11,1.72,UA,1601250029
464,Lagoa,39.05,-27.98,21.25,88,53,2.77,PT,1601250029
465,Moose Factory,51.26,-80.61,15.0,93,20,3.1,CA,1601250029
466,Petrozavodsk,61.78,34.35,5.0,100,31,2.15,RU,1601250030
467,Chapais,49.78,-74.85,18.0,88,90,6.7,CA,1601250030
468,Xam Nua,20.42,104.04,20.25,94,100,0.7,LA,1601250031
469,Hay River,60.82,-115.8,12.0,71,75,3.6,CA,1601250031
470,Ayna,-12.65,-73.92,15.95,77,47,0.63,PE,1601250031
471,Valparaíso,-33.04,-71.63,15.0,72,0,1.0,CL,1601250032
472,Mehamn,71.04,27.85,4.35,76,92,5.84,NO,1601250032
473,Carnarvon,-24.87,113.63,19.0,77,40,5.1,AU,1601250033
474,Agogo,6.8,-1.08,20.48,100,81,0.85,GH,1601250033
475,Hobart,-42.88,147.33,13.33,54,40,6.2,AU,1601250034
476,Padang,-0.95,100.35,25.62,71,93,1.25,ID,1601249916
477,Sucúa,-2.47,-78.17,24.0,64,40,3.1,EC,1601250034
478,Machala,-3.27,-79.97,24.0,78,40,2.6,EC,1601250035
479,Dikson,73.51,80.55,2.7,79,100,11.69,RU,1601250035
480,Bredasdorp,-34.53,20.04,8.0,81,0,2.1,ZA,1601250036
481,Selma,36.57,-119.61,33.0,35,1,2.1,US,1601250036
482,Makat,47.65,53.35,11.49,42,0,3.49,KZ,1601250036
483,Alaca,40.17,34.84,15.06,84,0,2.1,TR,1601250037
484,Novoorsk,51.38,58.98,6.0,60,0,0.9,RU,1601250037
485,Tingi,-11.3,35.03,18.59,68,65,3.98,TZ,1601250038
486,Ulagan,50.63,87.96,-1.67,90,5,0.44,RU,1601250038
487,Yar-Sale,66.83,70.83,2.6,82,0,5.58,RU,1601250038
488,Naze,28.37,129.48,26.0,78,75,8.7,JP,1601250039
489,Conde,-7.26,-34.91,24.0,94,75,3.6,BR,1601250039
490,Kalmunai,7.42,81.82,26.03,80,70,1.01,LK,1601250040
491,Urbana,40.11,-88.21,22.78,45,96,4.92,US,1601250040
492,Inta,66.03,60.17,1.81,88,12,2.11,RU,1601250040
493,Muzhi,65.37,64.67,3.61,77,53,4.14,RU,1601250041
494,Lavrentiya,65.58,-171.0,2.86,78,60,7.57,RU,1601250041
495,Horsham,51.06,-0.33,12.0,76,75,3.6,GB,1601249883
496,Longyearbyen,78.22,15.64,1.0,100,75,7.7,SJ,1601250042
497,Gunupur,19.08,83.82,24.1,82,98,1.56,IN,1601249976
498,Livramento,-3.03,-60.18,29.0,83,96,2.1,BR,1601250043
499,Rāvar,31.27,56.81,16.63,28,26,1.21,IR,1601250043
500,Hanover,52.37,9.73,11.67,81,100,1.5,DE,1601249779
501,Tortolì,39.93,9.66,15.0,44,40,3.1,IT,1601249985
502,Bodden Town,19.28,-81.25,31.0,74,20,2.1,KY,1601250044
503,Mossamedes,-15.2,12.15,16.9,88,72,2.08,AO,1601250045
504,Okhotsk,59.38,143.3,10.31,81,100,6.02,RU,1601250045
505,Rokytne,51.28,27.21,8.51,90,14,1.99,UA,1601250046
506,Kungurtug,50.6,97.52,-1.94,89,0,0.23,RU,1601250046
507,Busselton,-33.65,115.33,14.44,90,50,4.15,AU,1601250046
508,Santa Marta,11.24,-74.2,23.33,87,84,3.85,CO,1601250047
509,Alyangula,-13.85,136.42,30.0,62,89,3.6,AU,1601250047
510,Hermanus,-34.42,19.23,5.56,92,0,2.45,ZA,1601250048
511,Puerto Maldonado,-12.6,-69.18,26.1,69,82,0.79,PE,1601250048
512,Emba,48.83,58.14,7.9,54,0,1.53,KZ,1601250049
513,Sun Valley,39.6,-119.78,24.44,21,1,5.7,US,1601250049
514,Egvekinot,66.32,-179.17,-0.01,85,0,0.9,RU,1601250050
515,Cananéia,-25.01,-47.93,21.53,91,71,1.53,BR,1601250050
516,Tambo,-14.8,-73.92,3.36,72,7,2.09,PE,1601250050
517,Tatsunochō-tominaga,34.87,134.55,21.67,65,24,2.85,JP,1601250051
518,San Luis,-33.3,-66.34,13.94,37,6,2.9,AR,1601249891
519,Tsogni,-2.79,10.1,23.4,76,78,2.3,GA,1601250052
520,Araioses,-2.89,-41.9,25.41,78,5,4.3,BR,1601250052
521,Neẖalim,32.06,34.91,25.56,77,0,2.25,IL,1601250053
522,Asău,46.43,26.4,7.78,89,3,0.85,RO,1601250053
523,Pimentel,-6.84,-79.93,15.88,88,29,6.23,PE,1601250054
524,Bonavista,48.65,-53.11,15.29,86,100,8.7,CA,1601250054
525,Staraya Akkermanovka,51.25,58.24,6.0,60,0,0.86,RU,1601250055
526,El Seibo,18.76,-69.04,27.0,88,40,2.1,DO,1601250055
527,Ponta do Sol,32.67,-17.1,22.0,68,75,4.6,PT,1601250055
528,Folldal,62.13,10.0,9.54,86,93,3.38,NO,1601250056
529,Sur,22.57,59.53,27.75,56,0,3.85,OM,1601250056
530,Mount Isa,-20.73,139.5,24.0,16,19,5.7,AU,1601250056
531,Rio Grande,-32.03,-52.1,20.0,90,100,6.74,BR,1601249967
532,Sørland,67.67,12.69,10.15,77,50,6.29,NO,1601250058
533,Bhikangaon,21.87,75.95,22.12,87,5,2.28,IN,1601250059
534,Cravo Norte,6.3,-70.2,27.24,71,55,2.18,CO,1601249459
535,Nador,35.17,-2.93,19.0,77,0,1.31,MA,1601249459
536,Hennenman,-27.98,27.02,3.86,55,0,1.8,ZA,1601249460
537,Bluff,-46.6,168.33,3.33,95,100,1.79,NZ,1601249461
538,Farah,32.5,62.5,12.45,37,0,1.45,AF,1601249461
539,Mareeba,-17.0,145.43,28.33,68,35,2.68,AU,1601250061
540,Nyrob,60.73,56.72,7.37,93,75,1.03,RU,1601249462
541,Ushuaia,-54.8,-68.3,8.0,49,75,3.6,AR,1601249343
542,Tezu,27.92,96.17,23.1,86,98,1.19,IN,1601249464
543,Kuala Terengganu,5.33,103.14,25.56,94,20,0.5,MY,1601249271
544,Hergla,36.03,10.51,21.0,42,18,5.1,TN,1601249466
545,Lüderitz,-26.65,15.16,11.67,67,0,7.48,NA,1601249466
546,Charter Township of Clinton,42.59,-82.92,23.89,83,90,2.6,US,1601249467
547,Henties Bay,-22.12,14.28,11.11,82,0,0.45,NA,1601249468
548,San Juan,-31.54,-68.54,13.89,37,0,1.23,AR,1601249409
549,Portland,45.52,-122.68,23.89,43,20,2.1,US,1601249479
550,Gornopravdinsk,60.05,69.9,8.43,97,66,1.95,RU,1601249469
551,Kavaratti,10.57,72.64,27.14,80,68,4.12,IN,1601249469
552,Albany,42.6,-73.97,23.33,77,33,2.13,US,1601249470
553,Kaeo,-35.1,173.78,16.62,52,5,5.67,NZ,1601249470
554,Bāfq,31.61,55.41,21.03,22,17,1.07,IR,1601249471
555,Māngrol,21.12,70.12,25.75,74,25,1.72,IN,1601249471
